{"DATA_PATH": "/home/salt/PycharmProjects/SeaSalt-Downloader/chars/shiroko/20", "BUCKETS": {"buckets": [[512, 1024], [384, 704], [576, 1024], [448, 768], [512, 832], [448, 704], [512, 768], [448, 640], [512, 704], [640, 832], [512, 640], [640, 768], [384, 448], [512, 576], [640, 704], [768, 768], [704, 640], [576, 512], [448, 384], [768, 640], [640, 512], [832, 640], [704, 512], [640, 448], [768, 512], [704, 448], [832, 512], [768, 448], [1024, 576], [704, 384], [1024, 512]], "bucket_ratios": [0.5, 0.5454545454545454, 0.5625, 0.5833333333333334, 0.6153846153846154, 0.6363636363636364, 0.6666666666666666, 0.7, 0.7272727272727273, 0.7692307692307693, 0.8, 0.8333333333333334, 0.8571428571428571, 0.8888888888888888, 0.9090909090909091, 1.0, 1.1, 1.125, 1.1666666666666667, 1.2, 1.25, 1.3, 1.375, 1.4285714285714286, 1.5, 1.5714285714285714, 1.625, 1.7142857142857142, 1.7777777777777777, 1.8333333333333333, 2.0]}, "SHUFFLE_CAPTIONS_AFTER": 0}